Annee,LATITUDE,LONGITUDE,Commune,CodeInsee,Mont_desc_gares
2016,47.552265,-1.532627,Abbaretz,44001,83
2006,48.428984,0.091054,Alençon,61001,816
2007,48.428984,0.091054,Alençon,61001,630
2008,48.428984,0.091054,Alençon,61001,636
2010,48.428984,0.091054,Alençon,61001,954
2013,48.428984,0.091054,Alençon,61001,1014
2015,48.428984,0.091054,Alençon,61001,1030
2004,48.428984,0.091054,Alençon,61001,801
2005,48.428984,0.091054,Alençon,61001,628
2006,47.372641,-1.178918,Ancenis,44003,1247
2007,47.372641,-1.178918,Ancenis,44003,1595
2008,47.372641,-1.178918,Ancenis,44003,1747
2010,47.372641,-1.178918,Ancenis,44003,1860
2013,47.372641,-1.178918,Ancenis,44003,2618
2015,47.372641,-1.178918,Ancenis,44003,2787
2016,47.372641,-1.178918,Ancenis,44003,2817
2004,47.372641,-1.178918,Ancenis,44003,1090
2005,47.372641,-1.178918,Ancenis,44003,1409
2006,47.472707,-0.556177,Angers,49007,6482
2007,47.472707,-0.556177,Angers,49007,7113
2008,47.472707,-0.556177,Angers,49007,7492
2010,47.472707,-0.556177,Angers,49007,8352
2013,47.472707,-0.556177,Angers,49007,9263
2015,47.472707,-0.556177,Angers,49007,9195
2004,47.472707,-0.556177,Angers,49007,5752
2005,47.472707,-0.556177,Angers,49007,7090
2016,47.472707,-0.556177,Angers Maître École,49007,96
2016,47.472707,-0.556177,Angers Saint-Laud,49007,9014
2006,47.926154,0.1874,Arnage,72008,34
2007,47.926154,0.1874,Arnage,72008,78
2008,47.926154,0.1874,Arnage,72008,52
2010,47.926154,0.1874,Arnage,72008,66
2013,47.926154,0.1874,Arnage,72008,74
2015,47.926154,0.1874,Arnage,72008,76
2016,47.926154,0.1874,Arnage,72008,121
2004,47.926154,0.1874,Arnage,72008,39
2005,47.926154,0.1874,Arnage,72008,38
2006,47.69009,0.267591,Aubigné-Racan,72013,30
2007,47.69009,0.267591,Aubigné-Racan,72013,26
2008,47.69009,0.267591,Aubigné-Racan,72013,36
2010,47.69009,0.267591,Aubigné-Racan,72013,48
2013,47.69009,0.267591,Aubigné-Racan,72013,66
2015,47.69009,0.267591,Aubigné-Racan,72013,87
2016,47.69009,0.267591,Aubigné-Racan,72013,56
2004,47.69009,0.267591,Aubigné-Racan,72013,47
2005,47.69009,0.267591,Aubigné-Racan,72013,45
2016,47.298482,-1.553961,Babinière,44035,514
2006,47.277038,-2.480392,Batz-sur-Mer,44010,19
2007,47.277038,-2.480392,Batz-sur-Mer,44010,33
2008,47.277038,-2.480392,Batz-sur-Mer,44010,40
2010,47.277038,-2.480392,Batz-sur-Mer,44010,29
2013,47.277038,-2.480392,Batz-sur-Mer,44010,22
2015,47.277038,-2.480392,Batz-sur-Mer,44010,43
2016,47.277038,-2.480392,Batz-sur-Mer,44010,35
2004,47.277038,-2.480392,Batz-sur-Mer,44010,25
2005,47.277038,-2.480392,Batz-sur-Mer,44010,36
2006,47.285185,-2.392391,Baule-Escoublac,44055,362
2007,47.285185,-2.392391,Baule-Escoublac,44055,371
2008,47.285185,-2.392391,Baule-Escoublac,44055,293
2010,47.285185,-2.392391,Baule-Escoublac,44055,309
2013,47.285185,-2.392391,Baule-Escoublac,44055,374
2015,47.285185,-2.392391,Baule-Escoublac,44055,448
2004,47.285185,-2.392391,Baule-Escoublac,44055,358
2005,47.285185,-2.392391,Baule-Escoublac,44055,424
2006,46.782876,-1.43154,Belleville-sur-Vie,85019,63
2007,46.782876,-1.43154,Belleville-sur-Vie,85019,77
2008,46.782876,-1.43154,Belleville-sur-Vie,85019,69
2010,46.782876,-1.43154,Belleville-sur-Vie,85019,84
2013,46.782876,-1.43154,Belleville-sur-Vie,85019,155
2015,46.782876,-1.43154,Belleville-sur-Vie,85019,169
2016,46.782876,-1.43154,Belleville-sur-Vie,85019,221
2004,46.782876,-1.43154,Belleville-sur-Vie,85019,29
2005,46.782876,-1.43154,Belleville-sur-Vie,85019,44
2006,47.081132,-2.038009,Bernerie-en-Retz,44012,36
2007,47.081132,-2.038009,Bernerie-en-Retz,44012,46
2008,47.081132,-2.038009,Bernerie-en-Retz,44012,37
2010,47.081132,-2.038009,Bernerie-en-Retz,44012,29
2013,47.081132,-2.038009,Bernerie-en-Retz,44012,51
2015,47.081132,-2.038009,Bernerie-en-Retz,44012,59
2004,47.081132,-2.038009,Bernerie-en-Retz,44012,28
2005,47.081132,-2.038009,Bernerie-en-Retz,44012,28
2006,47.42279,-0.387689,Bohalle,49032,33
2007,47.42279,-0.387689,Bohalle,49032,34
2008,47.42279,-0.387689,Bohalle,49032,44
2010,47.42279,-0.387689,Bohalle,49032,58
2013,47.42279,-0.387689,Bohalle,49032,51
2015,47.42279,-0.387689,Bohalle,49032,85
2004,47.42279,-0.387689,Bohalle,49032,46
2005,47.42279,-0.387689,Bohalle,49032,36
2006,47.143419,-1.689237,Bouaye,44018,136
2007,47.143419,-1.689237,Bouaye,44018,186
2008,47.143419,-1.689237,Bouaye,44018,200
2010,47.143419,-1.689237,Bouaye,44018,326
2013,47.143419,-1.689237,Bouaye,44018,555
2015,47.143419,-1.689237,Bouaye,44018,638
2016,47.143419,-1.689237,Bouaye,44018,630
2004,47.143419,-1.689237,Bouaye,44018,92
2005,47.143419,-1.689237,Bouaye,44018,252
2006,47.042887,-1.953174,Bourgneuf-en-Retz,44021,24
2007,47.042887,-1.953174,Bourgneuf-en-Retz,44021,35
2008,47.042887,-1.953174,Bourgneuf-en-Retz,44021,33
2010,47.042887,-1.953174,Bourgneuf-en-Retz,44021,54
2013,47.042887,-1.953174,Bourgneuf-en-Retz,44021,60
2015,47.042887,-1.953174,Bourgneuf-en-Retz,44021,40
2016,47.042887,-1.953174,Bourgneuf-en-Retz,44021,63
2004,47.042887,-1.953174,Bourgneuf-en-Retz,44021,34
2005,47.042887,-1.953174,Bourgneuf-en-Retz,44021,38
2006,46.635312,-1.172834,Bournezeau,85034,2
2010,46.635312,-1.172834,Bournezeau,85034,2
2013,46.635312,-1.172834,Bournezeau,85034,3
2015,46.635312,-1.172834,Bournezeau,85034,4
2016,46.635312,-1.172834,Bournezeau,85034,3
2006,47.043704,-1.187675,Boussay,44022,30
2007,47.043704,-1.187675,Boussay,44022,53
2008,47.043704,-1.187675,Boussay,44022,42
2010,47.043704,-1.187675,Boussay,44022,39
2013,47.043704,-1.187675,Boussay,44022,31
2015,47.043704,-1.187675,Boussay,44022,64
2004,47.043704,-1.187675,Boussay,44022,59
2005,47.043704,-1.187675,Boussay,44022,59
2016,47.043704,-1.187675,Boussay-la-Bruffière,44022,32
2006,46.839746,-0.489405,Bressuire,79049,4
2004,46.839746,-0.489405,Bressuire,79049,1
2005,46.839746,-0.489405,Bressuire,79049,1
2006,47.563875,-0.509276,Briollay,49048,25
2007,47.563875,-0.509276,Briollay,49048,21
2008,47.563875,-0.509276,Briollay,49048,31
2010,47.563875,-0.509276,Briollay,49048,43
2013,47.563875,-0.509276,Briollay,49048,57
2015,47.563875,-0.509276,Briollay,49048,56
2004,47.563875,-0.509276,Briollay,49048,12
2005,47.563875,-0.509276,Briollay,49048,30
2006,47.318763,-1.347517,Cellier,44028,56
2007,47.318763,-1.347517,Cellier,44028,84
2008,47.318763,-1.347517,Cellier,44028,68
2010,47.318763,-1.347517,Cellier,44028,51
2013,47.318763,-1.347517,Cellier,44028,99
2015,47.318763,-1.347517,Cellier,44028,126
2004,47.318763,-1.347517,Cellier,44028,67
2005,47.318763,-1.347517,Cellier,44028,80
2007,46.820859,-0.665468,Cerizay,79062,2
2008,46.820859,-0.665468,Cerizay,79062,1
2004,46.820859,-0.665468,Cerizay,79062,1
2005,46.820859,-0.665468,Cerizay,79062,1
2006,46.672079,-1.292972,Chaize-le-Vicomte,85046,1
2007,46.672079,-1.292972,Chaize-le-Vicomte,85046,2
2008,46.672079,-1.292972,Chaize-le-Vicomte,85046,2
2010,46.672079,-1.292972,Chaize-le-Vicomte,85046,2
2013,46.672079,-1.292972,Chaize-le-Vicomte,85046,18
2015,46.672079,-1.292972,Chaize-le-Vicomte,85046,16
2004,46.672079,-1.292972,Chaize-le-Vicomte,85046,3
2005,46.672079,-1.292972,Chaize-le-Vicomte,85046,3
2006,46.845603,-1.879686,Challans,85047,240
2007,46.845603,-1.879686,Challans,85047,286
2008,46.845603,-1.879686,Challans,85047,260
2010,46.845603,-1.879686,Challans,85047,457
2013,46.845603,-1.879686,Challans,85047,438
2015,46.845603,-1.879686,Challans,85047,326
2016,46.845603,-1.879686,Challans,85047,393
2004,46.845603,-1.879686,Challans,85047,223
2005,46.845603,-1.879686,Challans,85047,264
2016,47.350301,-0.764121,Chalonnes,49063,572
2006,47.350301,-0.764121,Chalonnes-sur-Loire,49063,371
2007,47.350301,-0.764121,Chalonnes-sur-Loire,49063,485
2008,47.350301,-0.764121,Chalonnes-sur-Loire,49063,421
2010,47.350301,-0.764121,Chalonnes-sur-Loire,49063,517
2013,47.350301,-0.764121,Chalonnes-sur-Loire,49063,588
2015,47.350301,-0.764121,Chalonnes-sur-Loire,49063,590
2004,47.350301,-0.764121,Chalonnes-sur-Loire,49063,357
2005,47.350301,-0.764121,Chalonnes-sur-Loire,49063,414
2006,48.022284,0.332322,Champagné,72054,121
2007,48.022284,0.332322,Champagné,72054,215
2008,48.022284,0.332322,Champagné,72054,243
2010,48.022284,0.332322,Champagné,72054,197
2013,48.022284,0.332322,Champagné,72054,136
2015,48.022284,0.332322,Champagné,72054,155
2016,48.022284,0.332322,Champagné,72054,120
2004,48.022284,0.332322,Champagné,72054,105
2005,48.022284,0.332322,Champagné,72054,360
2006,47.411483,-0.86449,Champtocé-sur-Loire,49068,63
2007,47.411483,-0.86449,Champtocé-sur-Loire,49068,66
2008,47.411483,-0.86449,Champtocé-sur-Loire,49068,72
2010,47.411483,-0.86449,Champtocé-sur-Loire,49068,95
2013,47.411483,-0.86449,Champtocé-sur-Loire,49068,123
2015,47.411483,-0.86449,Champtocé-sur-Loire,49068,100
2016,47.411483,-0.86449,Champtocé-sur-Loire,49068,103
2004,47.411483,-0.86449,Champtocé-sur-Loire,49068,42
2005,47.411483,-0.86449,Champtocé-sur-Loire,49068,60
2016,47.216501,-1.554609,Chantenay,44109,237
2006,46.686699,-1.051853,Chantonnay,85051,58
2007,46.686699,-1.051853,Chantonnay,85051,43
2008,46.686699,-1.051853,Chantonnay,85051,43
2010,46.686699,-1.051853,Chantonnay,85051,47
2013,46.686699,-1.051853,Chantonnay,85051,77
2015,46.686699,-1.051853,Chantonnay,85051,68
2016,46.686699,-1.051853,Chantonnay,85051,64
2004,46.686699,-1.051853,Chantonnay,85051,54
2005,46.686699,-1.051853,Chantonnay,85051,54
2006,47.211755,-0.727028,Chemillé,49092,413
2007,47.211755,-0.727028,Chemillé,49092,455
2008,47.211755,-0.727028,Chemillé,49092,324
2010,47.211755,-0.727028,Chemillé,49092,498
2013,47.211755,-0.727028,Chemillé,49092,484
2015,47.211755,-0.727028,Chemillé,49092,510
2016,47.211755,-0.727028,Chemillé,49092,487
2004,47.211755,-0.727028,Chemillé,49092,324
2005,47.211755,-0.727028,Chemillé,49092,475
2006,47.058123,-0.880303,Cholet,49099,1357
2007,47.058123,-0.880303,Cholet,49099,1311
2008,47.058123,-0.880303,Cholet,49099,1371
2010,47.058123,-0.880303,Cholet,49099,1364
2013,47.058123,-0.880303,Cholet,49099,1450
2015,47.058123,-0.880303,Cholet,49099,1465
2016,47.058123,-0.880303,Cholet,49099,1379
2004,47.058123,-0.880303,Cholet,49099,1136
2005,47.058123,-0.880303,Cholet,49099,1380
2006,47.692668,0.418069,Château-du-Loir,72071,435
2007,47.692668,0.418069,Château-du-Loir,72071,339
2008,47.692668,0.418069,Château-du-Loir,72071,333
2010,47.692668,0.418069,Château-du-Loir,72071,429
2013,47.692668,0.418069,Château-du-Loir,72071,450
2015,47.692668,0.418069,Château-du-Loir,72071,439
2016,47.692668,0.418069,Château-du-Loir,72071,491
2004,47.692668,0.418069,Château-du-Loir,72071,374
2005,47.692668,0.418069,Château-du-Loir,72071,410
2016,47.716743,-1.376516,Châteaubriant,44036,399
2006,47.086633,-1.284105,Clisson,44043,1658
2007,47.086633,-1.284105,Clisson,44043,1658
2008,47.086633,-1.284105,Clisson,44043,1704
2010,47.086633,-1.284105,Clisson,44043,2186
2013,47.086633,-1.284105,Clisson,44043,2384
2015,47.086633,-1.284105,Clisson,44043,2949
2016,47.086633,-1.284105,Clisson,44043,2912
2004,47.086633,-1.284105,Clisson,44043,1467
2005,47.086633,-1.284105,Clisson,44043,1635
2004,46.629845,-1.50979,Clouzeaux,85069,5
2006,48.122817,-0.01814,Conlie,72089,147
2007,48.122817,-0.01814,Conlie,72089,202
2008,48.122817,-0.01814,Conlie,72089,183
2010,48.122817,-0.01814,Conlie,72089,205
2013,48.122817,-0.01814,Conlie,72089,189
2015,48.122817,-0.01814,Conlie,72089,126
2016,48.122817,-0.01814,Conlie,72089,208
2004,48.122817,-0.01814,Conlie,72089,152
2005,48.122817,-0.01814,Conlie,72089,176
2006,48.060029,0.494587,Connerré,72090,396
2007,48.060029,0.494587,Connerré,72090,484
2008,48.060029,0.494587,Connerré,72090,468
2010,48.060029,0.494587,Connerré,72090,565
2013,48.060029,0.494587,Connerré,72090,596
2015,48.060029,0.494587,Connerré,72090,549
2004,48.060029,0.494587,Connerré,72090,358
2005,48.060029,0.494587,Connerré,72090,512
2016,48.060029,0.494587,Connerré - Beillé,72090,545
2006,47.289769,-1.878994,Cordemais,44045,58
2007,47.289769,-1.878994,Cordemais,44045,76
2008,47.289769,-1.878994,Cordemais,44045,79
2010,47.289769,-1.878994,Cordemais,44045,73
2013,47.289769,-1.878994,Cordemais,44045,92
2015,47.289769,-1.878994,Cordemais,44045,128
2016,47.289769,-1.878994,Cordemais,44045,103
2004,47.289769,-1.878994,Cordemais,44045,64
2005,47.289769,-1.878994,Cordemais,44045,80
2006,48.297434,0.126346,Coulombiers,72097,47
2007,48.297434,0.126346,Coulombiers,72097,40
2008,48.297434,0.126346,Coulombiers,72097,30
2010,48.297434,0.126346,Coulombiers,72097,31
2013,48.297434,0.126346,Coulombiers,72097,38
2015,48.297434,0.126346,Coulombiers,72097,55
2004,48.297434,0.126346,Coulombiers,72097,36
2005,48.297434,0.126346,Coulombiers,72097,44
2006,47.214225,-1.72497,Couëron,44047,248
2007,47.214225,-1.72497,Couëron,44047,322
2008,47.214225,-1.72497,Couëron,44047,348
2010,47.214225,-1.72497,Couëron,44047,386
2013,47.214225,-1.72497,Couëron,44047,342
2015,47.214225,-1.72497,Couëron,44047,385
2016,47.214225,-1.72497,Couëron,44047,376
2004,47.214225,-1.72497,Couëron,44047,233
2005,47.214225,-1.72497,Couëron,44047,283
2006,48.167812,-0.061844,Crissé,72109,1
2007,48.167812,-0.061844,Crissé,72109,6
2008,48.167812,-0.061844,Crissé,72109,6
2010,48.167812,-0.061844,Crissé,72109,3
2013,48.167812,-0.061844,Crissé,72109,4
2015,48.167812,-0.061844,Crissé,72109,6
2016,48.167812,-0.061844,Crissé,72109,10
2004,48.167812,-0.061844,Crissé,72109,3
2005,48.167812,-0.061844,Crissé,72109,4
2006,47.29288,-2.510964,Croisic,44049,114
2007,47.29288,-2.510964,Croisic,44049,122
2008,47.29288,-2.510964,Croisic,44049,93
2010,47.29288,-2.510964,Croisic,44049,110
2013,47.29288,-2.510964,Croisic,44049,126
2015,47.29288,-2.510964,Croisic,44049,147
2004,47.29288,-2.510964,Croisic,44049,114
2005,47.29288,-2.510964,Croisic,44049,228
2013,47.302,-2.193,Croix-de-Méan,44600,26
2015,47.302,-2.193,Croix-de-Méan,44600,27
2006,47.062338,-1.254791,Cugand,85076,5
2007,47.062338,-1.254791,Cugand,85076,8
2008,47.062338,-1.254791,Cugand,85076,18
2010,47.062338,-1.254791,Cugand,85076,17
2013,47.062338,-1.254791,Cugand,85076,13
2015,47.062338,-1.254791,Cugand,85076,8
2016,47.062338,-1.254791,Cugand,85076,28
2004,47.062338,-1.254791,Cugand,85076,14
2005,47.062338,-1.254791,Cugand,85076,13
2016,48.103924,0.027029,Domfront,72119,118
2006,48.103924,0.027029,Domfront-en-Champagne,72119,48
2007,48.103924,0.027029,Domfront-en-Champagne,72119,38
2008,48.103924,0.027029,Domfront-en-Champagne,72119,25
2010,48.103924,0.027029,Domfront-en-Champagne,72119,42
2013,48.103924,0.027029,Domfront-en-Champagne,72119,57
2015,48.103924,0.027029,Domfront-en-Champagne,72119,55
2004,48.103924,0.027029,Domfront-en-Champagne,72119,41
2005,48.103924,0.027029,Domfront-en-Champagne,72119,47
2006,47.322932,-2.076374,Donges,44052,38
2007,47.322932,-2.076374,Donges,44052,71
2008,47.322932,-2.076374,Donges,44052,62
2010,47.322932,-2.076374,Donges,44052,48
2013,47.322932,-2.076374,Donges,44052,74
2015,47.322932,-2.076374,Donges,44052,38
2016,47.322932,-2.076374,Donges,44052,48
2004,47.322932,-2.076374,Donges,44052,36
2005,47.322932,-2.076374,Donges,44052,33
2006,47.475919,-2.057167,Drefféac,44053,5
2007,47.475919,-2.057167,Drefféac,44053,6
2008,47.475919,-2.057167,Drefféac,44053,11
2010,47.475919,-2.057167,Drefféac,44053,14
2013,47.475919,-2.057167,Drefféac,44053,25
2015,47.475919,-2.057167,Drefféac,44053,11
2016,47.475919,-2.057167,Drefféac,44053,10
2004,47.475919,-2.057167,Drefféac,44053,9
2005,47.475919,-2.057167,Drefféac,44053,10
2016,47.439006,-1.499181,Erdre-Active,44110,494
2006,48.186548,0.654239,Ferté-Bernard,72132,566
2007,48.186548,0.654239,Ferté-Bernard,72132,710
2008,48.186548,0.654239,Ferté-Bernard,72132,747
2010,48.186548,0.654239,Ferté-Bernard,72132,804
2013,48.186548,0.654239,Ferté-Bernard,72132,1027
2015,48.186548,0.654239,Ferté-Bernard,72132,1025
2004,48.186548,0.654239,Ferté-Bernard,72132,657
2005,48.186548,0.654239,Ferté-Bernard,72132,1058
2006,46.657756,-1.233149,Fougeré,85093,3
2007,46.657756,-1.233149,Fougeré,85093,5
2008,46.657756,-1.233149,Fougeré,85093,1
2010,46.657756,-1.233149,Fougeré,85093,4
2013,46.657756,-1.233149,Fougeré,85093,6
2015,46.657756,-1.233149,Fougeré,85093,8
2016,46.657756,-1.233149,Fougeré,85093,3
2004,46.657756,-1.233149,Fougeré,85093,17
2005,46.657756,-1.233149,Fougeré,85093,17
2006,48.09757,-0.890105,Genest-Saint-Isle,53103,150
2007,48.09757,-0.890105,Genest-Saint-Isle,53103,117
2008,48.09757,-0.890105,Genest-Saint-Isle,53103,112
2010,48.09757,-0.890105,Genest-Saint-Isle,53103,100
2013,48.09757,-0.890105,Genest-Saint-Isle,53103,154
2015,48.09757,-0.890105,Genest-Saint-Isle,53103,218
2004,48.09757,-0.890105,Genest-Saint-Isle,53103,130
2005,48.09757,-0.890105,Genest-Saint-Isle,53103,142
2006,47.101287,-1.304878,Gorges,44064,6
2007,47.101287,-1.304878,Gorges,44064,8
2008,47.101287,-1.304878,Gorges,44064,7
2010,47.101287,-1.304878,Gorges,44064,8
2013,47.101287,-1.304878,Gorges,44064,59
2015,47.101287,-1.304878,Gorges,44064,307
2016,47.101287,-1.304878,Gorges,44064,471
2004,47.101287,-1.304878,Gorges,44064,3
2005,47.101287,-1.304878,Gorges,44064,7
2006,48.113375,0.193185,Guierche,72147,87
2007,48.113375,0.193185,Guierche,72147,79
2008,48.113375,0.193185,Guierche,72147,83
2010,48.113375,0.193185,Guierche,72147,96
2013,48.113375,0.193185,Guierche,72147,85
2015,48.113375,0.193185,Guierche,72147,61
2004,48.113375,0.193185,Guierche,72147,73
2005,48.113375,0.193185,Guierche,72147,81
2006,47.154986,-1.399623,Haie-Fouassière,44070,221
2007,47.154986,-1.399623,Haie-Fouassière,44070,186
2008,47.154986,-1.399623,Haie-Fouassière,44070,241
2010,47.154986,-1.399623,Haie-Fouassière,44070,233
2013,47.154986,-1.399623,Haie-Fouassière,44070,226
2015,47.154986,-1.399623,Haie-Fouassière,44070,510
2004,47.154986,-1.399623,Haie-Fouassière,44070,218
2005,47.154986,-1.399623,Haie-Fouassière,44070,306
2016,47.216501,-1.554609,Haluchère-Batignolles,44109,868
2006,46.908941,-1.377284,Herbergement,85108,111
2007,46.908941,-1.377284,Herbergement,85108,112
2008,46.908941,-1.377284,Herbergement,85108,107
2010,46.908941,-1.377284,Herbergement,85108,105
2013,46.908941,-1.377284,Herbergement,85108,180
2015,46.908941,-1.377284,Herbergement,85108,212
2004,46.908941,-1.377284,Herbergement,85108,77
2005,46.908941,-1.377284,Herbergement,85108,88
2006,47.401731,-0.923573,Ingrandes,49160,100
2007,47.401731,-0.923573,Ingrandes,49160,112
2008,47.401731,-0.923573,Ingrandes,49160,215
2010,47.401731,-0.923573,Ingrandes,49160,188
2013,47.401731,-0.923573,Ingrandes,49160,212
2015,47.401731,-0.923573,Ingrandes,49160,224
2004,47.401731,-0.923573,Ingrandes,49160,125
2005,47.401731,-0.923573,Ingrandes,49160,156
2016,47.401731,-0.923573,Ingrandes sur Loire,49160,174
2016,47.623389,-1.451233,Issé,44075,60
2016,46.908941,-1.377284,L'Herbergement - Les Brouzils,85108,272
2016,47.198058,-1.672202,La Basse Indre - Saint-Herblain,44074,425
2016,47.285185,-2.392391,La Baule les Pins,44055,65
2016,47.285185,-2.392391,La Baule-Escoublac,44055,311
2016,47.081132,-2.038009,La Bernerie-en-Retz,44012,52
2016,47.42279,-0.387689,La Bohalle,49032,73
2016,46.672079,-1.292972,La Chaize-le-Vicomte,85046,14
2016,47.298482,-1.553961,La Chapelle-Aulnay,44035,423
2016,47.298482,-1.553961,La Chapelle-Centre,44035,475
2016,47.317636,-2.189879,La Croix de Méan,44210,27
2016,48.186548,0.654239,La Ferté-Bernard,72132,1012
2016,48.113375,0.193185,La Guierche,72147,77
2016,47.154986,-1.399623,La Haie-Fouassière,44070,486
2016,48.297434,0.126346,La Hutte Coulombiers,72097,51
2016,46.618395,-1.659319,La Mothe-Achard,85152,197
2016,47.402131,-0.268653,La Ménitré,49201,406
2016,47.37484,-0.68736,La Possonnière,49247,325
2016,46.669476,-1.428868,La Roche-sur-Yon,85191,2002
2016,47.889753,0.024352,La Suze,72346,570
2016,47.877441,0.229499,Laigné - Saint-Gervais,72155,168
2006,48.072007,-0.770371,Laval,53130,1427
2007,48.072007,-0.770371,Laval,53130,1418
2008,48.072007,-0.770371,Laval,53130,1375
2010,48.072007,-0.770371,Laval,53130,1583
2013,48.072007,-0.770371,Laval,53130,2127
2015,48.072007,-0.770371,Laval,53130,1623
2016,48.072007,-0.770371,Laval,53130,1919
2004,48.072007,-0.770371,Laval,53130,1281
2005,48.072007,-0.770371,Laval,53130,1703
2016,47.318763,-1.347517,Le Cellier,44028,167
2016,47.29288,-2.510964,Le Croisic,44049,124
2016,48.09757,-0.890105,Le Genest,53103,139
2016,48.003684,0.196304,Le Mans,72181,8479
2016,47.138108,-1.336415,Le Pallet,44117,606
2016,47.276372,-2.431336,Le Pouliguen,44135,133
2016,47.563875,-0.509276,Le Vieux Briollay,49048,38
2016,47.062668,-2.002222,Les Moutiers-en-Retz,44106,32
2016,47.350874,-0.226422,Les Rosiers-sur-Loire,49261,122
2016,46.49591,-1.784655,Les Sables-d'Olonne,85194,730
2006,48.121972,-0.718218,Louverné,53140,37
2007,48.121972,-0.718218,Louverné,53140,7
2008,48.121972,-0.718218,Louverné,53140,9
2010,48.121972,-0.718218,Louverné,53140,9
2013,48.121972,-0.718218,Louverné,53140,6
2015,48.121972,-0.718218,Louverné,53140,12
2016,48.121972,-0.718218,Louverné,53140,9
2004,48.121972,-0.718218,Louverné,53140,10
2005,48.121972,-0.718218,Louverné,53140,10
2006,46.454496,-1.166355,Luçon,85128,49
2007,46.454496,-1.166355,Luçon,85128,31
2008,46.454496,-1.166355,Luçon,85128,33
2010,46.454496,-1.166355,Luçon,85128,22
2013,46.454496,-1.166355,Luçon,85128,34
2015,46.454496,-1.166355,Luçon,85128,24
2016,46.454496,-1.166355,Luçon,85128,20
2004,46.454496,-1.166355,Luçon,85128,164
2005,46.454496,-1.166355,Luçon,85128,16
2006,46.992683,-1.82408,Machecoul,44087,187
2007,46.992683,-1.82408,Machecoul,44087,203
2008,46.992683,-1.82408,Machecoul,44087,115
2010,46.992683,-1.82408,Machecoul,44087,276
2013,46.992683,-1.82408,Machecoul,44087,591
2015,46.992683,-1.82408,Machecoul,44087,222
2016,46.992683,-1.82408,Machecoul,44087,285
2004,46.992683,-1.82408,Machecoul,44087,128
2005,46.992683,-1.82408,Machecoul,44087,208
2006,48.003684,0.196304,Mans,72181,5905
2007,48.003684,0.196304,Mans,72181,6760
2008,48.003684,0.196304,Mans,72181,6918
2010,48.003684,0.196304,Mans,72181,8177
2013,48.003684,0.196304,Mans,72181,8802
2015,48.003684,0.196304,Mans,72181,8316
2004,48.003684,0.196304,Mans,72181,5490
2005,48.003684,0.196304,Mans,72181,7128
2006,47.295671,-1.393578,Mauves-sur-Loire,44094,198
2007,47.295671,-1.393578,Mauves-sur-Loire,44094,317
2008,47.295671,-1.393578,Mauves-sur-Loire,44094,412
2010,47.295671,-1.393578,Mauves-sur-Loire,44094,286
2013,47.295671,-1.393578,Mauves-sur-Loire,44094,591
2015,47.295671,-1.393578,Mauves-sur-Loire,44094,533
2016,47.295671,-1.393578,Mauves-sur-Loire,44094,522
2004,47.295671,-1.393578,Mauves-sur-Loire,44094,146
2005,47.295671,-1.393578,Mauves-sur-Loire,44094,290
2006,47.758585,0.274255,Mayet,72191,93
2007,47.758585,0.274255,Mayet,72191,104
2008,47.758585,0.274255,Mayet,72191,87
2010,47.758585,0.274255,Mayet,72191,84
2013,47.758585,0.274255,Mayet,72191,110
2015,47.758585,0.274255,Mayet,72191,128
2016,47.758585,0.274255,Mayet,72191,138
2004,47.758585,0.274255,Mayet,72191,74
2005,47.758585,0.274255,Mayet,72191,147
2006,46.972323,-1.310614,Montaigu,85146,660
2007,46.972323,-1.310614,Montaigu,85146,629
2008,46.972323,-1.310614,Montaigu,85146,688
2010,46.972323,-1.310614,Montaigu,85146,830
2013,46.972323,-1.310614,Montaigu,85146,878
2015,46.972323,-1.310614,Montaigu,85146,1105
2016,46.972323,-1.310614,Montaigu,85146,1020
2004,46.972323,-1.310614,Montaigu,85146,438
2005,46.972323,-1.310614,Montaigu,85146,584
2006,48.146461,0.182427,Montbizot,72205,54
2007,48.146461,0.182427,Montbizot,72205,59
2008,48.146461,0.182427,Montbizot,72205,83
2010,48.146461,0.182427,Montbizot,72205,77
2013,48.146461,0.182427,Montbizot,72205,98
2015,48.146461,0.182427,Montbizot,72205,113
2016,48.146461,0.182427,Montbizot,72205,97
2004,48.146461,0.182427,Montbizot,72205,63
2005,48.146461,0.182427,Montbizot,72205,92
2006,48.047751,0.402454,Montfort-le-Gesnois,72241,164
2007,48.047751,0.402454,Montfort-le-Gesnois,72241,272
2008,48.047751,0.402454,Montfort-le-Gesnois,72241,234
2010,48.047751,0.402454,Montfort-le-Gesnois,72241,203
2013,48.047751,0.402454,Montfort-le-Gesnois,72241,196
2015,48.047751,0.402454,Montfort-le-Gesnois,72241,158
2016,48.047751,0.402454,Montfort-le-Gesnois,72241,167
2004,48.047751,0.402454,Montfort-le-Gesnois,72241,242
2005,48.047751,0.402454,Montfort-le-Gesnois,72241,508
2006,47.327317,-2.149619,Montoir-de-Bretagne,44103,51
2007,47.327317,-2.149619,Montoir-de-Bretagne,44103,58
2008,47.327317,-2.149619,Montoir-de-Bretagne,44103,59
2010,47.327317,-2.149619,Montoir-de-Bretagne,44103,63
2013,47.327317,-2.149619,Montoir-de-Bretagne,44103,81
2015,47.327317,-2.149619,Montoir-de-Bretagne,44103,79
2016,47.327317,-2.149619,Montoir-de-Bretagne,44103,59
2004,47.327317,-2.149619,Montoir-de-Bretagne,44103,42
2005,47.327317,-2.149619,Montoir-de-Bretagne,44103,43
2006,48.13331,-0.554879,Montsûrs,53161,113
2007,48.13331,-0.554879,Montsûrs,53161,96
2008,48.13331,-0.554879,Montsûrs,53161,116
2010,48.13331,-0.554879,Montsûrs,53161,164
2013,48.13331,-0.554879,Montsûrs,53161,126
2015,48.13331,-0.554879,Montsûrs,53161,121
2016,48.13331,-0.554879,Montsûrs,53161,145
2004,48.13331,-0.554879,Montsûrs,53161,107
2005,48.13331,-0.554879,Montsûrs,53161,170
2006,47.74518,-0.417609,Morannes,49220,146
2007,47.74518,-0.417609,Morannes,49220,148
2008,47.74518,-0.417609,Morannes,49220,143
2010,47.74518,-0.417609,Morannes,49220,138
2013,47.74518,-0.417609,Morannes,49220,167
2015,47.74518,-0.417609,Morannes,49220,140
2016,47.74518,-0.417609,Morannes,49220,199
2004,47.74518,-0.417609,Morannes,49220,117
2005,47.74518,-0.417609,Morannes,49220,197
2006,46.618395,-1.659319,Mothe-Achard,85152,115
2007,46.618395,-1.659319,Mothe-Achard,85152,106
2010,46.618395,-1.659319,Mothe-Achard,85152,121
2013,46.618395,-1.659319,Mothe-Achard,85152,117
2015,46.618395,-1.659319,Mothe-Achard,85152,187
2004,46.618395,-1.659319,Mothe-Achard,85152,69
2005,46.618395,-1.659319,Mothe-Achard,85152,109
2006,47.062668,-2.002222,Moutiers-en-Retz,44106,30
2007,47.062668,-2.002222,Moutiers-en-Retz,44106,25
2008,47.062668,-2.002222,Moutiers-en-Retz,44106,36
2010,47.062668,-2.002222,Moutiers-en-Retz,44106,31
2013,47.062668,-2.002222,Moutiers-en-Retz,44106,24
2015,47.062668,-2.002222,Moutiers-en-Retz,44106,33
2004,47.062668,-2.002222,Moutiers-en-Retz,44106,14
2005,47.062668,-2.002222,Moutiers-en-Retz,44106,33
2006,47.402131,-0.268653,Ménitré,49201,238
2007,47.402131,-0.268653,Ménitré,49201,208
2008,47.402131,-0.268653,Ménitré,49201,261
2010,47.402131,-0.268653,Ménitré,49201,251
2013,47.402131,-0.268653,Ménitré,49201,395
2015,47.402131,-0.268653,Ménitré,49201,364
2004,47.402131,-0.268653,Ménitré,49201,210
2005,47.402131,-0.268653,Ménitré,49201,311
2006,47.216501,-1.554609,Nantes,44109,15721
2007,47.216501,-1.554609,Nantes,44109,16523
2008,47.216501,-1.554609,Nantes,44109,16637
2010,47.216501,-1.554609,Nantes,44109,17701
2013,47.216501,-1.554609,Nantes,44109,21172
2015,47.216501,-1.554609,Nantes,44109,24633
2016,47.216501,-1.554609,Nantes,44109,26217
2004,47.216501,-1.554609,Nantes,44109,14229
2005,47.216501,-1.554609,Nantes,44109,16338
2006,48.155903,-0.476782,Neau,53163,46
2007,48.155903,-0.476782,Neau,53163,24
2008,48.155903,-0.476782,Neau,53163,21
2010,48.155903,-0.476782,Neau,53163,30
2013,48.155903,-0.476782,Neau,53163,24
2015,48.155903,-0.476782,Neau,53163,19
2016,48.155903,-0.476782,Neau,53163,16
2004,48.155903,-0.476782,Neau,53163,30
2005,48.155903,-0.476782,Neau,53163,20
2016,48.075548,0.190698,Neuville,72217,26
2006,48.075548,0.190698,Neuville-sur-Sarthe,72217,12
2007,48.075548,0.190698,Neuville-sur-Sarthe,72217,37
2008,48.075548,0.190698,Neuville-sur-Sarthe,72217,35
2010,48.075548,0.190698,Neuville-sur-Sarthe,72217,19
2013,48.075548,0.190698,Neuville-sur-Sarthe,72217,22
2015,48.075548,0.190698,Neuville-sur-Sarthe,72217,39
2004,48.075548,0.190698,Neuville-sur-Sarthe,72217,25
2005,48.075548,0.190698,Neuville-sur-Sarthe,72217,21
2006,48.321017,0.821164,Nogent-le-Rotrou,28280,810
2007,48.321017,0.821164,Nogent-le-Rotrou,28280,832
2008,48.321017,0.821164,Nogent-le-Rotrou,28280,867
2010,48.321017,0.821164,Nogent-le-Rotrou,28280,860
2013,48.321017,0.821164,Nogent-le-Rotrou,28280,1129
2015,48.321017,0.821164,Nogent-le-Rotrou,28280,894
2004,48.321017,0.821164,Nogent-le-Rotrou,28280,872
2005,48.321017,0.821164,Nogent-le-Rotrou,28280,1088
2016,47.439006,-1.499181,Nort-sur-Erdre,44110,1001
2016,47.872844,-0.099275,Noyen,72223,294
2005,47.872844,-0.099275,Noyen-sur-Sarthe,72223,243
2006,47.872844,-0.099275,Noyen-sur-Sarthe,72223,212
2007,47.872844,-0.099275,Noyen-sur-Sarthe,72223,267
2008,47.872844,-0.099275,Noyen-sur-Sarthe,72223,248
2010,47.872844,-0.099275,Noyen-sur-Sarthe,72223,261
2013,47.872844,-0.099275,Noyen-sur-Sarthe,72223,248
2015,47.872844,-0.099275,Noyen-sur-Sarthe,72223,270
2004,47.872844,-0.099275,Noyen-sur-Sarthe,72223,295
2005,46.53596,-1.773341,Olonne-sur-Mer,85166,9
2006,46.53596,-1.773341,Olonne-sur-Mer,85166,8
2007,46.53596,-1.773341,Olonne-sur-Mer,85166,9
2010,46.53596,-1.773341,Olonne-sur-Mer,85166,5
2013,46.53596,-1.773341,Olonne-sur-Mer,85166,10
2015,46.53596,-1.773341,Olonne-sur-Mer,85166,13
2016,46.53596,-1.773341,Olonne-sur-Mer,85166,41
2004,46.53596,-1.773341,Olonne-sur-Mer,85166,15
2005,47.345888,-1.287118,Oudon,44115,169
2006,47.345888,-1.287118,Oudon,44115,117
2007,47.345888,-1.287118,Oudon,44115,168
2008,47.345888,-1.287118,Oudon,44115,199
2010,47.345888,-1.287118,Oudon,44115,149
2013,47.345888,-1.287118,Oudon,44115,260
2015,47.345888,-1.287118,Oudon,44115,278
2016,47.345888,-1.287118,Oudon,44115,414
2004,47.345888,-1.287118,Oudon,44115,134
2005,47.138108,-1.336415,Pallet,44117,292
2006,47.138108,-1.336415,Pallet,44117,269
2007,47.138108,-1.336415,Pallet,44117,290
2008,47.138108,-1.336415,Pallet,44117,359
2010,47.138108,-1.336415,Pallet,44117,344
2013,47.138108,-1.336415,Pallet,44117,368
2015,47.138108,-1.336415,Pallet,44117,743
2004,47.138108,-1.336415,Pallet,44117,282
2016,47.278984,-2.210437,Penhoët,44184,232
2005,47.436888,-2.088471,Pontchâteau,44129,325
2006,47.436888,-2.088471,Pontchâteau,44129,461
2007,47.436888,-2.088471,Pontchâteau,44129,421
2008,47.436888,-2.088471,Pontchâteau,44129,388
2010,47.436888,-2.088471,Pontchâteau,44129,489
2013,47.436888,-2.088471,Pontchâteau,44129,677
2015,47.436888,-2.088471,Pontchâteau,44129,722
2016,47.436888,-2.088471,Pontchâteau,44129,740
2004,47.436888,-2.088471,Pontchâteau,44129,381
2005,47.115537,-2.104171,Pornic,44131,205
2006,47.115537,-2.104171,Pornic,44131,151
2007,47.115537,-2.104171,Pornic,44131,198
2008,47.115537,-2.104171,Pornic,44131,104
2010,47.115537,-2.104171,Pornic,44131,118
2013,47.115537,-2.104171,Pornic,44131,125
2015,47.115537,-2.104171,Pornic,44131,192
2016,47.115537,-2.104171,Pornic,44131,222
2004,47.115537,-2.104171,Pornic,44131,127
2005,47.265679,-2.340358,Pornichet,44132,235
2006,47.265679,-2.340358,Pornichet,44132,212
2007,47.265679,-2.340358,Pornichet,44132,204
2008,47.265679,-2.340358,Pornichet,44132,197
2010,47.265679,-2.340358,Pornichet,44132,219
2013,47.265679,-2.340358,Pornichet,44132,233
2015,47.265679,-2.340358,Pornichet,44132,307
2016,47.265679,-2.340358,Pornichet,44132,280
2004,47.265679,-2.340358,Pornichet,44132,188
2005,48.111461,-0.972934,Port-Brillet,53182,155
2006,48.111461,-0.972934,Port-Brillet,53182,156
2007,48.111461,-0.972934,Port-Brillet,53182,160
2008,48.111461,-0.972934,Port-Brillet,53182,141
2010,48.111461,-0.972934,Port-Brillet,53182,153
2013,48.111461,-0.972934,Port-Brillet,53182,188
2015,48.111461,-0.972934,Port-Brillet,53182,132
2016,48.111461,-0.972934,Port-Brillet,53182,172
2004,48.111461,-0.972934,Port-Brillet,53182,159
2005,47.1323,-1.74912,Port-Saint-Père,44133,32
2006,47.1323,-1.74912,Port-Saint-Père,44133,27
2007,47.1323,-1.74912,Port-Saint-Père,44133,15
2008,47.1323,-1.74912,Port-Saint-Père,44133,10
2010,47.1323,-1.74912,Port-Saint-Père,44133,23
2013,47.1323,-1.74912,Port-Saint-Père,44133,68
2015,47.1323,-1.74912,Port-Saint-Père,44133,159
2004,47.1323,-1.74912,Port-Saint-Père,44133,9
2016,47.1323,-1.74912,Port-Saint-Père - Saint-Mars,44133,125
2005,47.37484,-0.68736,Possonnière,49247,294
2006,47.37484,-0.68736,Possonnière,49247,192
2007,47.37484,-0.68736,Possonnière,49247,259
2008,47.37484,-0.68736,Possonnière,49247,209
2010,47.37484,-0.68736,Possonnière,49247,256
2013,47.37484,-0.68736,Possonnière,49247,285
2015,47.37484,-0.68736,Possonnière,49247,267
2004,47.37484,-0.68736,Possonnière,49247,206
2005,47.276372,-2.431336,Pouliguen,44135,172
2006,47.276372,-2.431336,Pouliguen,44135,137
2007,47.276372,-2.431336,Pouliguen,44135,155
2008,47.276372,-2.431336,Pouliguen,44135,134
2010,47.276372,-2.431336,Pouliguen,44135,168
2013,47.276372,-2.431336,Pouliguen,44135,140
2015,47.276372,-2.431336,Pouliguen,44135,137
2004,47.276372,-2.431336,Pouliguen,44135,130
2006,46.781997,-0.837624,Pouzauges,85182,2
2007,46.781997,-0.837624,Pouzauges,85182,1
2008,46.781997,-0.837624,Pouzauges,85182,2
2010,46.781997,-0.837624,Pouzauges,85182,1
2013,46.781997,-0.837624,Pouzauges,85182,5
2015,46.781997,-0.837624,Pouzauges,85182,1
2016,46.781997,-0.837624,Pouzauges,85182,2
2005,47.650532,-2.084961,Redon,35236,647
2006,47.650532,-2.084961,Redon,35236,768
2007,47.650532,-2.084961,Redon,35236,706
2008,47.650532,-2.084961,Redon,35236,682
2010,47.650532,-2.084961,Redon,35236,695
2013,47.650532,-2.084961,Redon,35236,1175
2015,47.650532,-2.084961,Redon,35236,1165
2004,47.650532,-2.084961,Redon,35236,839
2005,48.113628,-1.681488,Rennes,35238,184
2006,48.113628,-1.681488,Rennes,35238,578
2007,48.113628,-1.681488,Rennes,35238,712
2008,48.113628,-1.681488,Rennes,35238,775
2010,48.113628,-1.681488,Rennes,35238,523
2013,48.113628,-1.681488,Rennes,35238,766
2015,48.113628,-1.681488,Rennes,35238,664
2004,48.113628,-1.681488,Rennes,35238,439
2005,47.189865,-1.569849,Rezé,44143,414
2006,47.189865,-1.569849,Rezé,44143,352
2007,47.189865,-1.569849,Rezé,44143,299
2008,47.189865,-1.569849,Rezé,44143,344
2010,47.189865,-1.569849,Rezé,44143,582
2013,47.189865,-1.569849,Rezé,44143,840
2015,47.189865,-1.569849,Rezé,44143,997
2004,47.189865,-1.569849,Rezé,44143,234
2016,47.189865,-1.569849,Rezé Pont Rousseau,44143,1007
2005,46.669476,-1.428868,Roche-sur-Yon,85191,1460
2006,46.669476,-1.428868,Roche-sur-Yon,85191,1521
2007,46.669476,-1.428868,Roche-sur-Yon,85191,1451
2008,46.669476,-1.428868,Roche-sur-Yon,85191,1481
2010,46.669476,-1.428868,Roche-sur-Yon,85191,1766
2013,46.669476,-1.428868,Roche-sur-Yon,85191,1836
2015,46.669476,-1.428868,Roche-sur-Yon,85191,1876
2004,46.669476,-1.428868,Roche-sur-Yon,85191,1517
2005,46.158668,-1.151254,Rochelle,17300,24
2006,46.158668,-1.151254,Rochelle,17300,68
2007,46.158668,-1.151254,Rochelle,17300,38
2008,46.158668,-1.151254,Rochelle,17300,21
2010,46.158668,-1.151254,Rochelle,17300,25
2013,46.158668,-1.151254,Rochelle,17300,36
2015,46.158668,-1.151254,Rochelle,17300,41
2004,46.158668,-1.151254,Rochelle,17300,508
2005,47.350874,-0.226422,Rosiers-sur-Loire,49261,104
2006,47.350874,-0.226422,Rosiers-sur-Loire,49261,85
2007,47.350874,-0.226422,Rosiers-sur-Loire,49261,98
2008,47.350874,-0.226422,Rosiers-sur-Loire,49261,106
2010,47.350874,-0.226422,Rosiers-sur-Loire,49261,75
2013,47.350874,-0.226422,Rosiers-sur-Loire,49261,183
2015,47.350874,-0.226422,Rosiers-sur-Loire,49261,167
2004,47.350874,-0.226422,Rosiers-sur-Loire,49261,66
2005,48.158613,-0.199917,Rouessé-Vassé,72255,8
2006,48.158613,-0.199917,Rouessé-Vassé,72255,7
2007,48.158613,-0.199917,Rouessé-Vassé,72255,8
2008,48.158613,-0.199917,Rouessé-Vassé,72255,10
2010,48.158613,-0.199917,Rouessé-Vassé,72255,5
2013,48.158613,-0.199917,Rouessé-Vassé,72255,6
2015,48.158613,-0.199917,Rouessé-Vassé,72255,13
2016,48.158613,-0.199917,Rouessé-Vassé,72255,6
2004,48.158613,-0.199917,Rouessé-Vassé,72255,13
2005,46.49591,-1.784655,Sables-d'Olonne,85194,647
2006,46.49591,-1.784655,Sables-d'Olonne,85194,559
2007,46.49591,-1.784655,Sables-d'Olonne,85194,523
2010,46.49591,-1.784655,Sables-d'Olonne,85194,548
2013,46.49591,-1.784655,Sables-d'Olonne,85194,654
2015,46.49591,-1.784655,Sables-d'Olonne,85194,627
2004,46.49591,-1.784655,Sables-d'Olonne,85194,411
2005,47.839808,-0.33432,Sablé-sur-Sarthe,72264,1044
2006,47.839808,-0.33432,Sablé-sur-Sarthe,72264,897
2007,47.839808,-0.33432,Sablé-sur-Sarthe,72264,1052
2008,47.839808,-0.33432,Sablé-sur-Sarthe,72264,1258
2010,47.839808,-0.33432,Sablé-sur-Sarthe,72264,1231
2013,47.839808,-0.33432,Sablé-sur-Sarthe,72264,1438
2015,47.839808,-0.33432,Sablé-sur-Sarthe,72264,1507
2016,47.839808,-0.33432,Sablé-sur-Sarthe,72264,1537
2004,47.839808,-0.33432,Sablé-sur-Sarthe,72264,971
2005,47.877223,0.217473,Saint-Gervais-en-Belin,72287,149
2006,47.877223,0.217473,Saint-Gervais-en-Belin,72287,127
2007,47.877223,0.217473,Saint-Gervais-en-Belin,72287,138
2008,47.877223,0.217473,Saint-Gervais-en-Belin,72287,152
2010,47.877223,0.217473,Saint-Gervais-en-Belin,72287,164
2004,47.877223,0.217473,Saint-Gervais-en-Belin,72287,120
2005,47.516237,-2.039221,Saint-Gildas-des-Bois,44161,93
2006,47.516237,-2.039221,Saint-Gildas-des-Bois,44161,139
2007,47.516237,-2.039221,Saint-Gildas-des-Bois,44161,91
2008,47.516237,-2.039221,Saint-Gildas-des-Bois,44161,85
2010,47.516237,-2.039221,Saint-Gildas-des-Bois,44161,88
2013,47.516237,-2.039221,Saint-Gildas-des-Bois,44161,144
2015,47.516237,-2.039221,Saint-Gildas-des-Bois,44161,130
2016,47.516237,-2.039221,Saint-Gildas-des-Bois,44161,196
2004,47.516237,-2.039221,Saint-Gildas-des-Bois,44161,96
2005,46.696452,-1.941376,Saint-Gilles-Croix-de-Vie,85222,179
2006,46.696452,-1.941376,Saint-Gilles-Croix-de-Vie,85222,146
2007,46.696452,-1.941376,Saint-Gilles-Croix-de-Vie,85222,144
2008,46.696452,-1.941376,Saint-Gilles-Croix-de-Vie,85222,124
2010,46.696452,-1.941376,Saint-Gilles-Croix-de-Vie,85222,235
2013,46.696452,-1.941376,Saint-Gilles-Croix-de-Vie,85222,230
2015,46.696452,-1.941376,Saint-Gilles-Croix-de-Vie,85222,240
2016,46.696452,-1.941376,Saint-Gilles-Croix-de-Vie,85222,226
2004,46.696452,-1.941376,Saint-Gilles-Croix-de-Vie,85222,143
2005,47.211368,-1.65205,Saint-Herblain,44162,162
2006,47.211368,-1.65205,Saint-Herblain,44162,181
2007,47.211368,-1.65205,Saint-Herblain,44162,186
2008,47.211368,-1.65205,Saint-Herblain,44162,197
2010,47.211368,-1.65205,Saint-Herblain,44162,203
2013,47.211368,-1.65205,Saint-Herblain,44162,227
2015,47.211368,-1.65205,Saint-Herblain,44162,286
2004,47.211368,-1.65205,Saint-Herblain,44162,164
2005,47.102879,-1.865616,Saint-Hilaire-de-Chaléons,44164,42
2006,47.102879,-1.865616,Saint-Hilaire-de-Chaléons,44164,25
2007,47.102879,-1.865616,Saint-Hilaire-de-Chaléons,44164,21
2008,47.102879,-1.865616,Saint-Hilaire-de-Chaléons,44164,33
2010,47.102879,-1.865616,Saint-Hilaire-de-Chaléons,44164,27
2013,47.102879,-1.865616,Saint-Hilaire-de-Chaléons,44164,41
2015,47.102879,-1.865616,Saint-Hilaire-de-Chaléons,44164,33
2016,47.102879,-1.865616,Saint-Hilaire-de-Chaléons,44164,40
2004,47.102879,-1.865616,Saint-Hilaire-de-Chaléons,44164,29
2005,46.720609,-1.94591,Saint-Hilaire-de-Riez,85226,66
2006,46.720609,-1.94591,Saint-Hilaire-de-Riez,85226,58
2007,46.720609,-1.94591,Saint-Hilaire-de-Riez,85226,58
2008,46.720609,-1.94591,Saint-Hilaire-de-Riez,85226,81
2010,46.720609,-1.94591,Saint-Hilaire-de-Riez,85226,105
2013,46.720609,-1.94591,Saint-Hilaire-de-Riez,85226,93
2015,46.720609,-1.94591,Saint-Hilaire-de-Riez,85226,69
2004,46.720609,-1.94591,Saint-Hilaire-de-Riez,85226,54
2016,46.720609,-1.94591,Saint-Hilaire-de-Riez SNCF,85226,91
2005,48.028359,0.372322,Saint-Mars-la-Brière,72300,59
2006,48.028359,0.372322,Saint-Mars-la-Brière,72300,50
2007,48.028359,0.372322,Saint-Mars-la-Brière,72300,56
2008,48.028359,0.372322,Saint-Mars-la-Brière,72300,27
2010,48.028359,0.372322,Saint-Mars-la-Brière,72300,51
2013,48.028359,0.372322,Saint-Mars-la-Brière,72300,86
2015,48.028359,0.372322,Saint-Mars-la-Brière,72300,60
2016,48.028359,0.372322,Saint-Mars-la-Brière,72300,54
2004,48.028359,0.372322,Saint-Mars-la-Brière,72300,41
2005,46.564164,-1.715398,Saint-Mathurin,85250,211
2006,46.564164,-1.715398,Saint-Mathurin,85250,170
2007,46.564164,-1.715398,Saint-Mathurin,85250,170
2008,46.564164,-1.715398,Saint-Mathurin,85250,136
2010,46.564164,-1.715398,Saint-Mathurin,85250,150
2013,46.564164,-1.715398,Saint-Mathurin,85250,227
2015,46.564164,-1.715398,Saint-Mathurin,85250,339
2016,46.564164,-1.715398,Saint-Mathurin,85250,289
2004,46.564164,-1.715398,Saint-Mathurin,85250,186
2005,47.278984,-2.210437,Saint-Nazaire,44184,2428
2006,47.278984,-2.210437,Saint-Nazaire,44184,2249
2007,47.278984,-2.210437,Saint-Nazaire,44184,2416
2008,47.278984,-2.210437,Saint-Nazaire,44184,2552
2010,47.278984,-2.210437,Saint-Nazaire,44184,2368
2013,47.278984,-2.210437,Saint-Nazaire,44184,2430
2015,47.278984,-2.210437,Saint-Nazaire,44184,2924
2016,47.278984,-2.210437,Saint-Nazaire,44184,2746
2004,47.278984,-2.210437,Saint-Nazaire,44184,2104
2005,48.114427,-1.026881,Saint-Pierre-la-Cour,53247,174
2006,48.114427,-1.026881,Saint-Pierre-la-Cour,53247,159
2007,48.114427,-1.026881,Saint-Pierre-la-Cour,53247,146
2008,48.114427,-1.026881,Saint-Pierre-la-Cour,53247,117
2010,48.114427,-1.026881,Saint-Pierre-la-Cour,53247,211
2013,48.114427,-1.026881,Saint-Pierre-la-Cour,53247,159
2015,48.114427,-1.026881,Saint-Pierre-la-Cour,53247,136
2016,48.114427,-1.026881,Saint-Pierre-la-Cour,53247,185
2004,48.114427,-1.026881,Saint-Pierre-la-Cour,53247,151
2016,47.206501,-1.50366,Saint-Sébastien Frêne Rond,44190,282
2016,47.206501,-1.50366,Saint-Sébastien Pas Enchantés,44190,426
2005,47.206501,-1.50366,Saint-Sébastien-sur-Loire,44190,1095
2006,47.206501,-1.50366,Saint-Sébastien-sur-Loire,44190,1086
2007,47.206501,-1.50366,Saint-Sébastien-sur-Loire,44190,748
2008,47.206501,-1.50366,Saint-Sébastien-sur-Loire,44190,632
2010,47.206501,-1.50366,Saint-Sébastien-sur-Loire,44190,615
2013,47.206501,-1.50366,Saint-Sébastien-sur-Loire,44190,492
2015,47.206501,-1.50366,Saint-Sébastien-sur-Loire,44190,698
2004,47.206501,-1.50366,Saint-Sébastien-sur-Loire,44190,313
2005,47.276182,-1.781298,Saint-Étienne-de-Montluc,44158,268
2006,47.276182,-1.781298,Saint-Étienne-de-Montluc,44158,229
2007,47.276182,-1.781298,Saint-Étienne-de-Montluc,44158,318
2008,47.276182,-1.781298,Saint-Étienne-de-Montluc,44158,306
2010,47.276182,-1.781298,Saint-Étienne-de-Montluc,44158,350
2013,47.276182,-1.781298,Saint-Étienne-de-Montluc,44158,312
2015,47.276182,-1.781298,Saint-Étienne-de-Montluc,44158,392
2016,47.276182,-1.781298,Saint-Étienne-de-Montluc,44158,367
2004,47.276182,-1.781298,Saint-Étienne-de-Montluc,44158,262
2005,47.102143,-1.811466,Sainte-Pazanne,44186,351
2006,47.102143,-1.811466,Sainte-Pazanne,44186,252
2007,47.102143,-1.811466,Sainte-Pazanne,44186,271
2008,47.102143,-1.811466,Sainte-Pazanne,44186,255
2010,47.102143,-1.811466,Sainte-Pazanne,44186,403
2013,47.102143,-1.811466,Sainte-Pazanne,44186,549
2015,47.102143,-1.811466,Sainte-Pazanne,44186,687
2016,47.102143,-1.811466,Sainte-Pazanne,44186,734
2004,47.102143,-1.811466,Sainte-Pazanne,44186,278
2005,47.258648,-0.079227,Saumur,49328,1497
2006,47.258648,-0.079227,Saumur,49328,1405
2007,47.258648,-0.079227,Saumur,49328,1500
2008,47.258648,-0.079227,Saumur,49328,1359
2010,47.258648,-0.079227,Saumur,49328,1520
2013,47.258648,-0.079227,Saumur,49328,1735
2015,47.258648,-0.079227,Saumur,49328,1743
2016,47.258648,-0.079227,Saumur,49328,1718
2004,47.258648,-0.079227,Saumur,49328,1387
2005,47.360387,-1.942908,Savenay,44195,1312
2006,47.360387,-1.942908,Savenay,44195,1404
2007,47.360387,-1.942908,Savenay,44195,1477
2008,47.360387,-1.942908,Savenay,44195,1551
2010,47.360387,-1.942908,Savenay,44195,1987
2013,47.360387,-1.942908,Savenay,44195,2005
2015,47.360387,-1.942908,Savenay,44195,2203
2016,47.360387,-1.942908,Savenay,44195,2397
2004,47.360387,-1.942908,Savenay,44195,1204
2005,47.382788,-0.658652,Savennières,49329,98
2006,47.382788,-0.658652,Savennières,49329,83
2007,47.382788,-0.658652,Savennières,49329,93
2008,47.382788,-0.658652,Savennières,49329,71
2010,47.382788,-0.658652,Savennières,49329,73
2013,47.382788,-0.658652,Savennières,49329,146
2015,47.382788,-0.658652,Savennières,49329,153
2004,47.382788,-0.658652,Savennières,49329,91
2016,47.382788,-0.658652,Savennières - Béhuard,49329,159
2016,48.104559,0.583003,Sceaux - Boëssé,72331,87
2005,48.104559,0.583003,Sceaux-sur-Huisne,72331,13
2006,48.104559,0.583003,Sceaux-sur-Huisne,72331,14
2007,48.104559,0.583003,Sceaux-sur-Huisne,72331,7
2008,48.104559,0.583003,Sceaux-sur-Huisne,72331,10
2010,48.104559,0.583003,Sceaux-sur-Huisne,72331,12
2013,48.104559,0.583003,Sceaux-sur-Huisne,72331,32
2015,48.104559,0.583003,Sceaux-sur-Huisne,72331,35
2004,48.104559,0.583003,Sceaux-sur-Huisne,72331,8
2005,48.182598,-0.129779,Sillé-le-Guillaume,72334,348
2006,48.182598,-0.129779,Sillé-le-Guillaume,72334,316
2007,48.182598,-0.129779,Sillé-le-Guillaume,72334,301
2008,48.182598,-0.129779,Sillé-le-Guillaume,72334,319
2010,48.182598,-0.129779,Sillé-le-Guillaume,72334,286
2013,48.182598,-0.129779,Sillé-le-Guillaume,72334,405
2015,48.182598,-0.129779,Sillé-le-Guillaume,72334,355
2016,48.182598,-0.129779,Sillé-le-Guillaume,72334,344
2004,48.182598,-0.129779,Sillé-le-Guillaume,72334,337
2016,47.344336,-1.529477,Sucé-sur-Erdre,44201,900
2005,47.889753,0.024352,Suze-sur-Sarthe,72346,373
2006,47.889753,0.024352,Suze-sur-Sarthe,72346,260
2007,47.889753,0.024352,Suze-sur-Sarthe,72346,374
2008,47.889753,0.024352,Suze-sur-Sarthe,72346,427
2010,47.889753,0.024352,Suze-sur-Sarthe,72346,330
2013,47.889753,0.024352,Suze-sur-Sarthe,72346,401
2015,47.889753,0.024352,Suze-sur-Sarthe,72346,474
2004,47.889753,0.024352,Suze-sur-Sarthe,72346,375
2005,47.549904,-2.07792,Sévérac,44196,4
2006,47.549904,-2.07792,Sévérac,44196,9
2007,47.549904,-2.07792,Sévérac,44196,4
2008,47.549904,-2.07792,Sévérac,44196,6
2010,47.549904,-2.07792,Sévérac,44196,4
2013,47.549904,-2.07792,Sévérac,44196,10
2015,47.549904,-2.07792,Sévérac,44196,4
2016,47.549904,-2.07792,Sévérac,44196,3
2004,47.549904,-2.07792,Sévérac,44196,4
2005,48.181639,0.187709,Teillé,72349,16
2006,48.181639,0.187709,Teillé,72349,8
2007,48.181639,0.187709,Teillé,72349,13
2008,48.181639,0.187709,Teillé,72349,37
2010,48.181639,0.187709,Teillé,72349,20
2013,48.181639,0.187709,Teillé,72349,10
2015,48.181639,0.187709,Teillé,72349,4
2004,48.181639,0.187709,Teillé,72349,17
2016,48.181639,0.187709,Teillé,Sarth),72349,24
2005,48.263454,0.686792,Theil,61484,64
2006,48.263454,0.686792,Theil,61484,67
2007,48.263454,0.686792,Theil,61484,75
2008,48.263454,0.686792,Theil,61484,80
2010,48.263454,0.686792,Theil,61484,59
2013,48.263454,0.686792,Theil,61484,66
2015,48.263454,0.686792,Theil,61484,69
2004,48.263454,0.686792,Theil,61484,38
2005,46.974875,-0.216387,Thouars,79329,1
2006,46.974875,-0.216387,Thouars,79329,1
2007,46.974875,-0.216387,Thouars,79329,1
2004,46.974875,-0.216387,Thouars,79329,1
2016,47.267083,-1.441858,Thouaré,44204,609
2005,47.267083,-1.441858,Thouaré-sur-Loire,44204,406
2006,47.267083,-1.441858,Thouaré-sur-Loire,44204,161
2007,47.267083,-1.441858,Thouaré-sur-Loire,44204,344
2008,47.267083,-1.441858,Thouaré-sur-Loire,44204,416
2010,47.267083,-1.441858,Thouaré-sur-Loire,44204,235
2013,47.267083,-1.441858,Thouaré-sur-Loire,44204,838
2015,47.267083,-1.441858,Thouaré-sur-Loire,44204,776
2004,47.267083,-1.441858,Thouaré-sur-Loire,44204,203
2005,47.614379,-0.468059,Tiercé,49347,352
2006,47.614379,-0.468059,Tiercé,49347,284
2007,47.614379,-0.468059,Tiercé,49347,316
2008,47.614379,-0.468059,Tiercé,49347,340
2010,47.614379,-0.468059,Tiercé,49347,443
2013,47.614379,-0.468059,Tiercé,49347,475
2015,47.614379,-0.468059,Tiercé,49347,399
2016,47.614379,-0.468059,Tiercé,49347,385
2004,47.614379,-0.468059,Tiercé,49347,291
2005,47.036872,-1.1161,Torfou,49350,21
2006,47.036872,-1.1161,Torfou,49350,19
2007,47.036872,-1.1161,Torfou,49350,15
2008,47.036872,-1.1161,Torfou,49350,23
2010,47.036872,-1.1161,Torfou,49350,19
2013,47.036872,-1.1161,Torfou,49350,12
2015,47.036872,-1.1161,Torfou,49350,18
2016,47.036872,-1.1161,Torfou,49350,30
2004,47.036872,-1.1161,Torfou,49350,16
2005,47.668362,0.311061,Vaas,72364,86
2006,47.668362,0.311061,Vaas,72364,19
2007,47.668362,0.311061,Vaas,72364,45
2008,47.668362,0.311061,Vaas,72364,19
2010,47.668362,0.311061,Vaas,72364,35
2013,47.668362,0.311061,Vaas,72364,55
2015,47.668362,0.311061,Vaas,72364,28
2016,47.668362,0.311061,Vaas,72364,49
2004,47.668362,0.311061,Vaas,72364,33
2005,47.384242,-1.031204,Varades,44213,207
2006,47.384242,-1.031204,Varades,44213,140
2007,47.384242,-1.031204,Varades,44213,223
2008,47.384242,-1.031204,Varades,44213,271
2010,47.384242,-1.031204,Varades,44213,209
2013,47.384242,-1.031204,Varades,44213,312
2015,47.384242,-1.031204,Varades,44213,249
2004,47.384242,-1.031204,Varades,44213,148
2016,47.384242,-1.031204,Varades-St-Florent Le V,44213,260
2016,47.16793,-1.471839,Vertou ,44215,675
2005,47.16793,-1.471839,Vertou,44215,967
2006,47.16793,-1.471839,Vertou,44215,1139
2007,47.16793,-1.471839,Vertou,44215,879
2008,47.16793,-1.471839,Vertou,44215,636
2010,47.16793,-1.471839,Vertou,44215,584
2013,47.16793,-1.471839,Vertou,44215,637
2015,47.16793,-1.471839,Vertou,44215,875
2004,47.16793,-1.471839,Vertou,44215,698
2005,48.122527,-1.210225,Vitré,35360,690
2006,48.122527,-1.210225,Vitré,35360,708
2007,48.122527,-1.210225,Vitré,35360,729
2008,48.122527,-1.210225,Vitré,35360,683
2010,48.122527,-1.210225,Vitré,35360,810
2013,48.122527,-1.210225,Vitré,35360,1070
2015,48.122527,-1.210225,Vitré,35360,825
2004,48.122527,-1.210225,Vitré,35360,557
2005,48.2332,0.154632,Vivoin,72380,119
2006,48.2332,0.154632,Vivoin,72380,127
2007,48.2332,0.154632,Vivoin,72380,126
2008,48.2332,0.154632,Vivoin,72380,174
2010,48.2332,0.154632,Vivoin,72380,194
2013,48.2332,0.154632,Vivoin,72380,128
2015,48.2332,0.154632,Vivoin,72380,132
2004,48.2332,0.154632,Vivoin,72380,147
2016,48.2332,0.154632,Vivoin-Beaumont,72380,119
2016,47.929376,0.072147,Voivres,72381,86
2005,47.929376,0.072147,Voivres-lès-le-Mans,72381,55
2006,47.929376,0.072147,Voivres-lès-le-Mans,72381,46
2007,47.929376,0.072147,Voivres-lès-le-Mans,72381,63
2008,47.929376,0.072147,Voivres-lès-le-Mans,72381,78
2010,47.929376,0.072147,Voivres-lès-le-Mans,72381,59
2013,47.929376,0.072147,Voivres-lès-le-Mans,72381,68
2015,47.929376,0.072147,Voivres-lès-le-Mans,72381,83
2004,47.929376,0.072147,Voivres-lès-le-Mans,72381,49
2005,48.135904,-0.291563,Voutré,53276,27
2006,48.135904,-0.291563,Voutré,53276,26
2007,48.135904,-0.291563,Voutré,53276,19
2008,48.135904,-0.291563,Voutré,53276,19
2010,48.135904,-0.291563,Voutré,53276,16
2013,48.135904,-0.291563,Voutré,53276,23
2015,48.135904,-0.291563,Voutré,53276,28
2016,48.135904,-0.291563,Voutré,53276,27
2004,48.135904,-0.291563,Voutré,53276,18
2006,47.827836,0.272891,Écommoy,72124,249
2007,47.827836,0.272891,Écommoy,72124,340
2008,47.827836,0.272891,Écommoy,72124,227
2010,47.827836,0.272891,Écommoy,72124,385
2013,47.827836,0.272891,Écommoy,72124,363
2015,47.827836,0.272891,Écommoy,72124,321
2016,47.827836,0.272891,Écommoy,72124,380
2004,47.827836,0.272891,Écommoy,72124,220
2005,47.827836,0.272891,Écommoy,72124,341
2006,47.529129,-0.531338,Écouflant,49129,7
2007,47.529129,-0.531338,Écouflant,49129,4
2008,47.529129,-0.531338,Écouflant,49129,1
2010,47.529129,-0.531338,Écouflant,49129,5
2013,47.529129,-0.531338,Écouflant,49129,14
2015,47.529129,-0.531338,Écouflant,49129,9
2016,47.529129,-0.531338,Écouflant,49129,7
2006,47.65001,-0.445967,Étriché,49132,87
2007,47.65001,-0.445967,Étriché,49132,113
2008,47.65001,-0.445967,Étriché,49132,133
2010,47.65001,-0.445967,Étriché,49132,122
2013,47.65001,-0.445967,Étriché,49132,145
2015,47.65001,-0.445967,Étriché,49132,161
2004,47.65001,-0.445967,Étriché,49132,63
2005,47.65001,-0.445967,Étriché,49132,89
2016,47.65001,-0.445967,Étriché - Châteauneuf,49132,146
2006,48.154954,-0.402774,Évron,53097,411
2007,48.154954,-0.402774,Évron,53097,414
2008,48.154954,-0.402774,Évron,53097,445
2010,48.154954,-0.402774,Évron,53097,454
2013,48.154954,-0.402774,Évron,53097,661
2015,48.154954,-0.402774,Évron,53097,521
2016,48.154954,-0.402774,Évron,53097,569
2004,48.154954,-0.402774,Évron,53097,350
2005,48.154954,-0.402774,Évron,53097,507
